PLAYER NAME,PLAYER NAME
Brooks Koepka,Brooks Koepka
Matt Kuchar,Matt Kuchar
Rory McIlroy,Rory McIlroy
Xander Schauffele,Xander Schauffele
Gary Woodland,Gary Woodland
Patrick Cantlay,Patrick Cantlay
Dustin Johnson,Dustin Johnson
Paul Casey,Paul Casey
Rickie Fowler,Rickie Fowler
Jon Rahm,Jon Rahm
Justin Rose,Justin Rose
Chez Reavie,Chez Reavie
Tony Finau,Tony Finau
Charles Howell III,Charles Howell III
Marc Leishman,Marc Leishman
Bryson DeChambeau,Bryson DeChambeau
Justin Thomas,Justin Thomas
Shane Lowry,Shane Lowry
Adam Scott,Adam Scott
Tommy Fleetwood,Tommy Fleetwood
Kevin Kisner,Kevin Kisner
Francesco Molinari,Francesco Molinari
Ryan Palmer,Ryan Palmer
Sungjae Im,Sungjae Im
Scott Piercy,Scott Piercy
Webb Simpson,Webb Simpson
Tiger Woods,Tiger Woods
Sung Kang,Sung Kang
Hideki Matsuyama,Hideki Matsuyama
Lucas Glover,Lucas Glover
Corey Conners,Corey Conners
Phil Mickelson,Phil Mickelson
Brandt Snedeker,Brandt Snedeker
C.T. Pan,C.T. Pan
Keith Mitchell,Keith Mitchell
Kevin Tway,Kevin Tway
Jason Day,Jason Day
Jim Furyk,Jim Furyk
Andrew Putnam,Andrew Putnam
Adam Hadwin,Adam Hadwin
Rory Sabbatini,Rory Sabbatini
J.B. Holmes,J.B. Holmes
Kevin Na,Kevin Na
Nate Lashley,Nate Lashley
Jason Kokrak,Jason Kokrak
Max Homa,Max Homa
Dylan Frittelli,Dylan Frittelli
Graeme McDowell,Graeme McDowell
Si Woo Kim,Si Woo Kim
Joel Dahmen,Joel Dahmen
Louis Oosthuizen,Louis Oosthuizen
Keegan Bradley,Keegan Bradley
Ryan Moore,Ryan Moore
Patrick Reed,Patrick Reed
Adam Long,Adam Long
Billy Horschel,Billy Horschel
Emiliano Grillo,Emiliano Grillo
Cameron Champ,Cameron Champ
Rafa Cabrera Bello,Rafa Cabrera Bello
Vaughn Taylor,Vaughn Taylor
Danny Lee,Danny Lee
Abraham Ancer,Abraham Ancer
Sergio Garcia,Sergio Garcia
Kevin Streelman,Kevin Streelman
Ian Poulter,Ian Poulter
Charley Hoffman,Charley Hoffman
Kiradech Aphibarnrat,Kiradech Aphibarnrat
Matt Every,Matt Every
Jordan Spieth,Jordan Spieth
Tyrrell Hatton,Tyrrell Hatton
Jhonattan Vegas,Jhonattan Vegas
Chesson Hadley,Chesson Hadley
Michael Thompson,Michael Thompson
Adam Schenk,Adam Schenk
Brian Stuard,Brian Stuard
Byeong Hun An,Byeong Hun An
Matthew Wolff,Matthew Wolff
J.T. Poston,J.T. Poston
Joaquin Niemann,Joaquin Niemann
Luke List,Luke List
Henrik Stenson,Henrik Stenson
Sam Burns,Sam Burns
Bubba Watson,Bubba Watson
Wyndham Clark,Wyndham Clark
Cameron Smith,Cameron Smith
Branden Grace,Branden Grace
Russell Henley,Russell Henley
J.J. Spaun,J.J. Spaun
Talor Gooch,Talor Gooch
Nick Watney,Nick Watney
Patrick Rodgers,Patrick Rodgers
Harold Varner III,Harold Varner III
Bud Cauley,Bud Cauley
Sam Ryder,Sam Ryder
Russell Knox,Russell Knox
Chris Stroud,Chris Stroud
Kyoung-Hoon Lee,Kyoung-Hoon Lee
Cameron Tringale,Cameron Tringale
Mackenzie Hughes,Mackenzie Hughes
Scott Stallings,Scott Stallings
Scott Brown,Scott Brown
Brian Harman,Brian Harman
Roger Sloan,Roger Sloan
Aaron Baddeley,Aaron Baddeley
Peter Malnati,Peter Malnati
Matt Jones,Matt Jones
Danny Willett,Danny Willett
Brian Gay,Brian Gay
Carlos Ortiz,Carlos Ortiz
Nick Taylor,Nick Taylor
Kyle Stanley,Kyle Stanley
Troy Merritt,Troy Merritt
Ryan Armour,Ryan Armour
Kelly Kraft,Kelly Kraft
Denny McCarthy,Denny McCarthy
Aaron Wise,Aaron Wise
Jonas Blixt,Jonas Blixt
Brice Garnett,Brice Garnett
Sepp Straka,Sepp Straka
Pat Perez,Pat Perez
Austin Cook,Austin Cook
Martin Trainer,Martin Trainer
Martin Laird,Martin Laird
Richy Werenski,Richy Werenski
Patton Kizzire,Patton Kizzire
Daniel Berger,Daniel Berger
Andrew Landry,Andrew Landry
Shawn Stefani,Shawn Stefani
Sebastián Muñoz,Sebastián Muñoz
Wes Roach,Wes Roach
Jason Dufner,Jason Dufner
Peter Uihlein,Peter Uihlein
Ryan Blaum,Ryan Blaum
Jim Herman,Jim Herman
Roberto Castro,Roberto Castro
Alex Noren,Alex Noren
Bill Haas,Bill Haas
Zack Sucher,Zack Sucher
Dominic Bozzelli,Dominic Bozzelli
Beau Hossler,Beau Hossler
Hank Lebioda,Hank Lebioda
"Ted Potter, Jr.","Ted Potter, Jr."
Seamus Power,Seamus Power
Robert Streb,Robert Streb
Stephan Jaeger,Stephan Jaeger
Bronson Burgoon,Bronson Burgoon
Scott Langley,Scott Langley
Harris English,Harris English
Martin Kaymer,Martin Kaymer
Zach Johnson,Zach Johnson
Trey Mullinax,Trey Mullinax
Jimmy Walker,Jimmy Walker
Jonathan Byrd,Jonathan Byrd
Kramer Hickok,Kramer Hickok
Hudson Swafford,Hudson Swafford
Chase Wright,Chase Wright
Johnson Wagner,Johnson Wagner
Jim Knous,Jim Knous
D.J. Trahan,D.J. Trahan
Tyler Duncan,Tyler Duncan
Cameron Davis,Cameron Davis
Alex Prugh,Alex Prugh
Joey Garber,Joey Garber
Roberto Díaz,Roberto Díaz
Anders Albertson,Anders Albertson
Adam Svensson,Adam Svensson
Sam Saunders,Sam Saunders
Brandon Harkins,Brandon Harkins
Brendan Steele,Brendan Steele
David Hearn,David Hearn
Curtis Luck,Curtis Luck
Tom Hoge,Tom Hoge
Julián Etulain,Julián Etulain
Josh Teater,Josh Teater
José de Jesús Rodríguez,José de Jesús Rodríguez
Stewart Cink,Stewart Cink
Anirban Lahiri,Anirban Lahiri
Fabián Gómez,Fabián Gómez
Ollie Schniederjans,Ollie Schniederjans
Ben Silverman,Ben Silverman
Ernie Els,Ernie Els
Hunter Mahan,Hunter Mahan
Satoshi Kodaira,Satoshi Kodaira
Brendon Todd,Brendon Todd
Whee Kim,Whee Kim
Seth Reeves,Seth Reeves
Luke Donald,Luke Donald
Charl Schwartzel,Charl Schwartzel
Cody Gribble,Cody Gribble
Kevin Chappell,Kevin Chappell
Davis Love III,Davis Love III
Kyle Jones,Kyle Jones
Brady Schnell,Brady Schnell
Billy Hurley III,Billy Hurley III
Vijay Singh,Vijay Singh
Chris Kirk,Chris Kirk
Ben Crane,Ben Crane
Nicholas Lindheim,Nicholas Lindheim
Sean O'Hair,Sean O'Hair
J.J. Henry,J.J. Henry
Sangmoon Bae,Sangmoon Bae
Martin Piller,Martin Piller
Freddie Jacobson,Freddie Jacobson
James Hahn,James Hahn
Tom Lovelady,Tom Lovelady
K.J. Choi,K.J. Choi
Jamie Lovemark,Jamie Lovemark
Padraig Harrington,Padraig Harrington
George McNeill,George McNeill
Alex Cejka,Alex Cejka
Grayson Murray,Grayson Murray
Tyrone Van Aswegen,Tyrone Van Aswegen
Boo Weekley,Boo Weekley
Steve Stricker,Steve Stricker
Jason Gore,Jason Gore
Derek Fathauer,Derek Fathauer
John Chin,John Chin
John Huh,John Huh
Rod Pampling,Rod Pampling
Andres Romero,Andres Romero
Chris Thompson,Chris Thompson
David Toms,David Toms
Arjun Atwal,Arjun Atwal
Morgan Hoffmann,Morgan Hoffmann
Robert Garrigus,Robert Garrigus
Michael Kim,Michael Kim
John Senden,John Senden
Colt Knost,Colt Knost
David Lingmerth,David Lingmerth
Daniel Chopra,Daniel Chopra
Y.E. Yang,Y.E. Yang
Parker McLachlin,Parker McLachlin
Stuart Appleby,Stuart Appleby
D.A. Points,D.A. Points
Chris Couch,Chris Couch
Chad Collins,Chad Collins
Chad Campbell,Chad Campbell
Tim Herron,Tim Herron
Fred Couples,Fred Couples
Charlie Beljan,Charlie Beljan
Trevor Immelman,Trevor Immelman
Tommy Gainey,Tommy Gainey
Ricky Barnes,Ricky Barnes
Brian Davis,Brian Davis
John Merrick,John Merrick
John Rollins,John Rollins
Mike Weir,Mike Weir
Bernhard Langer,Bernhard Langer
Robert Allenby,Robert Allenby
Tom Lehman,Tom Lehman
Derek Ernst,Derek Ernst
Brandon Hagy,Brandon Hagy
Charlie Wi,Charlie Wi
Smylie Kaufman,Smylie Kaufman
Ken Duke,Ken Duke
Dicky Pride,Dicky Pride
Rich Beem,Rich Beem
Brendon de Jonge,Brendon de Jonge
Jason Bohn,Jason Bohn
Jonathan Kaye,Jonathan Kaye
Omar Uresti,Omar Uresti
Heath Slocum,Heath Slocum
Will MacKenzie,Will MacKenzie
Thorbjorn Olesen ,Thorbjorn Olesen 
Erik van Rooyen,