A,B,C,D
Paul Casey,Rafael Cabrera Bello,Kiradech Aphibarnrat,Lucas Bjerregaard
Jason Day,Fred Couples,Keegan Bradley,Devon Bling
Bryson DeChambeau,Matthew Fitzpatrick,Angel Cabrera,Justin Harding
Tony Finau,Branden Grace,Patrick Cantlay,Viktor Hovland
Tommy Fleetwood,J.B. Holmes,Stewart Cink,Shugo Imahira
Rickie Fowler,Billy Horschel,Corey Conners,Trevor Immelman
Sergio Garcia,Zach Johnson,Emiliano Grillo,Takumi Kanaya
Charley Hoffman,Kevin Kisner,Tyrrell Hatton,Michael Kim
Dustin Johnson,Marc Leishman,Charles Howell III,Satoshi Kodaira
Brooks Koepka,Kevin Na,Martin Kaymer,Andrew Landry
Matt Kuchar,Alex Noren,Patton Kizzire,Bernhard Langer
Hideki Matsuyama,Louis Oosthuizen,Haotong Li,Adam Long
Rory McIlroy,Ian Poulter,Shane Lowry,Sandy Lyle
Phil Mickelson,Xander Schauffele,Keith Mitchell,Jose Maria Olazabal
Francesco Molinari,Charl Schwartzel,Thorbjorn Olesen,Larry Mize
Jon Rahm,Webb Simpson,Eddie Pepperell,Kevin O'Connell
Patrick Reed,Brandt Snedeker,Cameron Smith,Alvaro Ortiz
Justin Rose,Jimmy Walker,Kyle Stanley,Jovan Rebula
Adam Scott,Danny Willett,Kevin Tway,Vijay Singh
Jordan Spieth,Si Woo Kim,Matt Wallace,Mike Weir
Henrik Stenson,Gary Woodland,Aaron Wise,Ian Woosnam
Justin Thomas,,,
Bubba Watson,,,
Tiger Woods,,,